{"playerData":{"playerStats":[100.0,1973.0,87.0],"playerPositionAndRotation":[0.6985345482826233,65.96428680419922,7.9728217124938969,0.0,0.837431013584137,0.0],"cameraPositionAndRotation":[0.8838348984718323,76.65780639648438,-2.4928975105285646,0.26198217272758486,-0.008553802967071534,0.0023221373558044435],"inventoryContent":["Stone","Foundation","Foundation","Chest","Chest","Wall","Wall","Plank","Plank","Plank","Stone"],"quickSlotContent":["Hammer"]},"environmentData":{"pickedupItems":["Stone_Model(Clone)","Plank_Model(Clone)","Plank_Model(Clone)","Plank_Model(Clone)","Stone_Model(Clone)"],"treeData":[{"name":"Tree_Parent","position":{"x":32.66998291015625,"y":64.33000183105469,"z":11.129997253417969},"rotation":{"x":0.0,"y":0.0,"z":0.0}},{"name":"Tree_Parent","position":{"x":32.66998291015625,"y":67.2699966430664,"z":39.540000915527347},"rotation":{"x":0.0,"y":0.0,"z":0.0}}],"animals":["Chest Monster (1)","blood_puddle"]}}