{"playerData":{"playerStats":[100.0,1962.0,92.0],"playerPositionAndRotation":[27.955232620239259,74.49483489990235,98.67354583740235,0.0,-0.31064075231552126,0.0],"cameraPositionAndRotation":[36.477020263671878,80.88310241699219,92.09886932373047,0.06852854788303375,-0.4398438334465027,0.03368474915623665],"inventoryContent":["Hammer","Foundation","Foundation","Chest","Chest","Wall","Wall","Campfire","Tomato Seed","Pumpkin Seed","Watering Can","Fishing Rod"],"quickSlotContent":[]},"environmentData":{"pickedupItems":[],"treeData":[{"name":"Tree_Parent","position":{"x":32.66998291015625,"y":60.61000061035156,"z":11.129997253417969},"rotation":{"x":0.0,"y":0.0,"z":0.0}},{"name":"Tree_Parent","position":{"x":32.66998291015625,"y":60.83000183105469,"z":39.540000915527347},"rotation":{"x":0.0,"y":0.0,"z":0.0}}],"animals":["Chest Monster","Chest Monster (1)"],"storage":[]}}